{
  "metadata": {
    "timestamp": "2025-11-15T22:27:30.559546",
    "model": "gemini/gemini-2.0-flash",
    "folder_name": "gemini_gemini-2.0-flash_20251112_053118",
    "total_samples": 200,
    "successful": 193,
    "failed": 7
  },
  "overall": {
    "acc_macro": 0.06583011530236052,
    "prec_macro": 0.08186736808090676,
    "rec_macro": 0.09108383062882136,
    "f1_macro": 0.08623002955676258,
    "acc_micro": 0.1131928181108509,
    "prec_micro": 0.20489872821479038,
    "rec_micro": 0.20185614849187936,
    "f1_micro": 0.20336605890603082,
    "rec_at_5": 0.10733560639145871,
    "prec_at_5": 0.19170984455958548,
    "f1_at_5": 0.13761983238049016,
    "rec_at_8": 0.14589074990406675,
    "prec_at_8": 0.18134715025906736,
    "f1_at_8": 0.1616980901727555,
    "rec_at_15": 0.20201074944895808,
    "prec_at_15": 0.14369602763385145,
    "f1_at_15": 0.16793504877226756,
    "auc_macro": 0.5686520023277607,
    "auc_micro": 0.5985868295026444
  },
  "stratified": {
    "by_length": {
      "short": {
        "acc_macro": 0.02345219087975359,
        "prec_macro": 0.025499885955402667,
        "rec_macro": 0.028158111178489965,
        "f1_macro": 0.02676315412889335,
        "acc_micro": 0.10662824207492795,
        "prec_micro": 0.19023136246786632,
        "rec_micro": 0.19525065963060687,
        "f1_micro": 0.19270833333333334,
        "rec_at_5": 0.13423120089786755,
        "prec_at_5": 0.17037037037037037,
        "f1_at_5": 0.15015693659761453,
        "rec_at_8": 0.16423080520302738,
        "prec_at_8": 0.14351851851851852,
        "f1_at_8": 0.15317766793319337,
        "rec_at_15": 0.19522360355693688,
        "prec_at_15": 0.09382716049382717,
        "f1_at_15": 0.1267408957957507,
        "auc_macro": 0.5829417314922616,
        "auc_micro": 0.5960672659693094
      },
      "medium": {
        "acc_macro": 0.03882972377885423,
        "prec_macro": 0.04314328861616482,
        "rec_macro": 0.047099521018016476,
        "f1_macro": 0.04503468447404665,
        "acc_micro": 0.11394302848575712,
        "prec_micro": 0.2087912087912088,
        "rec_micro": 0.20052770448548812,
        "f1_micro": 0.20457604306864066,
        "rec_at_5": 0.105277270205065,
        "prec_at_5": 0.19692307692307692,
        "f1_at_5": 0.13720383961076515,
        "rec_at_8": 0.14872681154187012,
        "prec_at_8": 0.19807692307692307,
        "f1_at_8": 0.16989061113564285,
        "rec_at_15": 0.20250211267428012,
        "prec_at_15": 0.15384615384615385,
        "f1_at_15": 0.17485237958283723,
        "auc_macro": 0.5791738169380165,
        "auc_micro": 0.5978910798064505
      },
      "long": {
        "acc_macro": 0.042822847128146505,
        "prec_macro": 0.052238264953960244,
        "rec_macro": 0.05739261329562131,
        "f1_macro": 0.054694272044624265,
        "acc_micro": 0.11515151515151516,
        "prec_micro": 0.2077534791252485,
        "rec_micro": 0.20530451866404714,
        "f1_micro": 0.20652173913043476,
        "rec_at_5": 0.0895170894829386,
        "prec_at_5": 0.20270270270270271,
        "f1_at_5": 0.1241897808533377,
        "rec_at_8": 0.13001633108513297,
        "prec_at_8": 0.19425675675675674,
        "f1_at_8": 0.1557733388860522,
        "rec_at_15": 0.20653192875332577,
        "prec_at_15": 0.17117117117117114,
        "f1_at_15": 0.18719630384825858,
        "auc_macro": 0.5771794128093639,
        "auc_micro": 0.5997651639600701
      }
    },
    "by_code_freq": {
      "common": {
        "acc_macro": 0.04639326544000138,
        "prec_macro": 0.05901554255275421,
        "rec_macro": 0.06200404045486379,
        "f1_macro": 0.0604728920223823,
        "acc_micro": 0.13346693386773548,
        "prec_micro": 0.2421818181818182,
        "rec_micro": 0.22918100481761872,
        "f1_micro": 0.2355021216407355,
        "rec_at_5": 0.11056987241018816,
        "prec_at_5": 0.2727272727272727,
        "f1_at_5": 0.1573474790031038,
        "rec_at_8": 0.16091674050984361,
        "prec_at_8": 0.2588383838383838,
        "f1_at_8": 0.19845584546839087,
        "rec_at_15": 0.240385555779057,
        "prec_at_15": 0.21212121212121207,
        "f1_at_15": 0.2253706644207497,
        "auc_macro": 0.5746695987152488,
        "auc_micro": 0.6117676945547935
      },
      "medium": {
        "acc_macro": 0.036393471701609885,
        "prec_macro": 0.0394003902749343,
        "rec_macro": 0.04259357814037913,
        "f1_macro": 0.040934806166142874,
        "acc_micro": 0.08053097345132744,
        "prec_micro": 0.14967105263157895,
        "rec_micro": 0.14845024469820556,
        "f1_micro": 0.14905814905814904,
        "rec_at_5": 0.10860214812420693,
        "prec_at_5": 0.11666666666666667,
        "f1_at_5": 0.11249005439348654,
        "rec_at_8": 0.14118119874860072,
        "prec_at_8": 0.11458333333333333,
        "f1_at_8": 0.12649926262198233,
        "rec_at_15": 0.1749369469038587,
        "prec_at_15": 0.08333333333333333,
        "f1_at_15": 0.11289010021026481,
        "auc_macro": 0.5736868808680337,
        "auc_micro": 0.5723056866706175
      },
      "rare": {
        "acc_macro": 0.004878481461319555,
        "prec_macro": 0.005055880787187333,
        "rec_macro": 0.005144580450103482,
        "f1_macro": 0.00509984496793715,
        "acc_micro": 0.05045871559633028,
        "prec_micro": 0.07857142857142857,
        "rec_micro": 0.12359550561797752,
        "f1_micro": 0.09606986899563318,
        "rec_at_5": 0.08863636363636362,
        "prec_at_5": 0.07272727272727274,
        "f1_at_5": 0.07989756722151088,
        "rec_at_8": 0.09368686868686868,
        "prec_at_8": 0.05113636363636364,
        "f1_at_8": 0.06616073551557422,
        "rec_at_15": 0.11792929292929291,
        "prec_at_15": 0.03333333333333333,
        "f1_at_15": 0.05197551474680022,
        "auc_macro": 0.5556478405315615,
        "auc_micro": 0.5602340785380974
      }
    },
    "cross_tab": {
      "common_short": {
        "acc_macro": 0.018050381407043712,
        "prec_macro": 0.019627968269141417,
        "rec_macro": 0.020441240503285957,
        "f1_macro": 0.020026351019762318,
        "acc_micro": 0.16224188790560473,
        "prec_micro": 0.28350515463917525,
        "rec_micro": 0.275,
        "f1_micro": 0.27918781725888325,
        "rec_at_5": 0.1793322838777384,
        "prec_at_5": 0.29090909090909095,
        "f1_at_5": 0.22188346015776866,
        "rec_at_8": 0.2353297586252131,
        "prec_at_8": 0.2556818181818182,
        "f1_at_8": 0.2450839996435753,
        "rec_at_15": 0.28716056670602125,
        "prec_at_15": 0.17272727272727276,
        "f1_at_15": 0.2157067757350153,
        "auc_macro": 0.6213273081694135,
        "auc_micro": 0.6358105644416354
      },
      "common_medium": {
        "acc_macro": 0.02560314146082748,
        "prec_macro": 0.028887832938348797,
        "rec_macro": 0.031184267211737515,
        "f1_macro": 0.02999215606801811,
        "acc_micro": 0.12705366922234393,
        "prec_micro": 0.23387096774193547,
        "rec_micro": 0.2176360225140713,
        "f1_micro": 0.22546161321671523,
        "rec_at_5": 0.09368076081557299,
        "prec_at_5": 0.2457142857142857,
        "f1_at_5": 0.13564547546774086,
        "rec_at_8": 0.15128619819483644,
        "prec_at_8": 0.26071428571428573,
        "f1_at_8": 0.19146809113698396,
        "rec_at_15": 0.23745754601257962,
        "prec_at_15": 0.2171428571428572,
        "f1_at_15": 0.22684630120608532,
        "auc_macro": 0.5787396240703785,
        "auc_micro": 0.6059053303642222
      },
      "common_long": {
        "acc_macro": 0.03241816724838819,
        "prec_macro": 0.040392764708927525,
        "rec_macro": 0.04161294325958106,
        "f1_macro": 0.040993776349706905,
        "acc_micro": 0.13032984714400644,
        "prec_micro": 0.2364963503649635,
        "rec_micro": 0.225,
        "f1_micro": 0.2306049822064057,
        "rec_at_5": 0.08862572606555545,
        "prec_at_5": 0.2857142857142857,