{
  "metadata": {
    "timestamp": "2025-11-15T22:15:52.613577",
    "model_path": "./conv_attn_Nov_12_02:00:00/model_best_f1_micro.pth",
    "data_file": "llm_eval_250_sample.csv",
    "gpu_used": true,
    "batch_size": 16
  },
  "overall": {
    "acc_macro": 0.007721265630622668,
    "prec_macro": 0.009804358730708623,
    "rec_macro": 0.009153507599126177,
    "f1_macro": 0.009467760831804799,
    "acc_micro": 0.22738537794299876,
    "prec_micro": 0.5825396825396826,
    "rec_micro": 0.2716506291635825,
    "f1_micro": 0.3705199394245331,
    "rec_at_5": 0.2602653539628245,
    "prec_at_5": 0.47679999999999995,
    "f1_at_5": 0.33672596358594736,
    "rec_at_8": 0.3420871139611557,
    "prec_at_8": 0.403,
    "f1_at_8": 0.37005366041945265,
    "rec_at_15": 0.4595296686510101,
    "prec_at_15": 0.3053333333333333,
    "f1_at_15": 0.366888515017091,
    "auc_macro": 0.9345284436285473,
    "auc_micro": 0.9791652377808493
  },
  "stratified": {
    "by_length": {
      "short": {
        "acc_macro": 0.0027802716220138197,
        "prec_macro": 0.0030752756107326113,
        "rec_macro": 0.003151185366582605,
        "f1_macro": 0.003112767762636021,
        "acc_micro": 0.22203947368421054,
        "prec_micro": 0.5510204081632653,
        "rec_micro": 0.2710843373493976,
        "f1_micro": 0.36339165545087476,
        "rec_at_5": 0.28007253689071865,
        "prec_at_5": 0.3878787878787879,
        "f1_at_5": 0.3252757861204812,
        "rec_at_8": 0.36850720827993555,
        "prec_at_8": 0.32765151515151514,
        "f1_at_8": 0.3468805060490348,
        "rec_at_15": 0.48562945892491344,
        "prec_at_15": 0.23737373737373738,
        "f1_at_15": 0.3188801383837193,
        "auc_macro": 0.9271769183628337,
        "auc_micro": 0.9753786302543209
      },
      "medium": {
        "acc_macro": 0.004746065477672481,
        "prec_macro": 0.005359100691716905,
        "rec_macro": 0.005228799722774022,
        "f1_macro": 0.005293148426824285,
        "acc_micro": 0.2366412213740458,
        "prec_micro": 0.5936170212765958,
        "rec_micro": 0.2823886639676113,
        "f1_micro": 0.38271604938271603,
        "rec_at_5": 0.27495329243216426,
        "prec_at_5": 0.48695652173913045,
        "f1_at_5": 0.3514597041097756,
        "rec_at_8": 0.3627713148058335,
        "prec_at_8": 0.41847826086956524,
        "f1_at_8": 0.38863869790154504,
        "rec_at_15": 0.4702921397103476,
        "prec_at_15": 0.31304347826086965,
        "f1_at_15": 0.3758845731921859,
        "auc_macro": 0.9380616799205359,
        "auc_micro": 0.9791526015655254
      },
      "long": {
        "acc_macro": 0.0049556970633335825,
        "prec_macro": 0.0059519349114061666,
        "rec_macro": 0.005611920199313861,
        "f1_macro": 0.005776928789665862,
        "acc_micro": 0.2220680083275503,
        "prec_micro": 0.5871559633027523,
        "rec_micro": 0.2631578947368421,
        "f1_micro": 0.3634298693923907,
        "rec_at_5": 0.2313679146973869,
        "prec_at_5": 0.5304347826086957,
        "f1_at_5": 0.32219783408255925,
        "rec_at_8": 0.30244936719213594,
        "prec_at_8": 0.44157608695652173,
        "f1_at_8": 0.3590049435069332,
        "rec_at_15": 0.4300434350038721,
        "prec_at_15": 0.3463768115942029,
        "f1_at_15": 0.38370218838656794,
        "auc_macro": 0.9337063321467312,
        "auc_micro": 0.9807980006995747
      }
    },
    "by_code_freq": {
      "common": {
        "acc_macro": 0.006211208562830876,
        "prec_macro": 0.00770931581742083,
        "rec_macro": 0.007099903584163455,
        "f1_macro": 0.0073920707795980915,
        "acc_micro": 0.2789838337182448,
        "prec_micro": 0.6452991452991453,
        "rec_micro": 0.32951445717403166,
        "f1_micro": 0.4362585771036475,
        "rec_at_5": 0.27028575222775225,
        "prec_at_5": 0.6848,
        "f1_at_5": 0.3875917585281437,
        "rec_at_8": 0.36369424973056863,
        "prec_at_8": 0.59,
        "f1_at_8": 0.44999664704208314,
        "rec_at_15": 0.5056903396330223,
        "prec_at_15": 0.45386666666666664,
        "f1_at_15": 0.47837905889479154,
        "auc_macro": 0.9345542408798696,
        "auc_micro": 0.9885591266750966
      },
      "medium": {
        "acc_macro": 0.0029666104636721408,
        "prec_macro": 0.0031205293273350405,
        "rec_macro": 0.0032444308192442757,
        "f1_macro": 0.0031812741286062823,
        "acc_micro": 0.13866666666666666,
        "prec_micro": 0.4748858447488584,
        "rec_micro": 0.16377952755905512,
        "f1_micro": 0.24355971896955503,
        "rec_at_5": 0.2820378891261244,
        "prec_at_5": 0.34400000000000003,
        "f1_at_5": 0.30995259406684406,
        "rec_at_8": 0.3502756731286143,
        "prec_at_8": 0.275,
        "f1_at_8": 0.3081066935753167,
        "rec_at_15": 0.4581065786065787,
        "prec_at_15": 0.20088888888888887,
        "f1_at_15": 0.2792994067735344,
        "auc_macro": 0.9221823625278879,
        "auc_micro": 0.9605256850694324
      },
      "rare": {
        "acc_macro": 0.0007140302472292199,
        "prec_macro": 0.0007778969956363299,
        "rec_macro": 0.0007855610054471948,
        "f1_macro": 0.0007817102162039867,
        "acc_micro": 0.08306709265175719,
        "prec_micro": 0.24761904761904763,
        "rec_micro": 0.1111111111111111,
        "f1_micro": 0.15339233038348082,
        "rec_at_5": 0.20255555555555552,
        "prec_at_5": 0.156,
        "f1_at_5": 0.1762553455221568,
        "rec_at_8": 0.27578643578643575,
        "prec_at_8": 0.1275,
        "f1_at_8": 0.17438112191500207,
        "rec_at_15": 0.3462626262626262,
        "prec_at_15": 0.09066666666666669,
        "f1_at_15": 0.14370507366993407,
        "auc_macro": 0.933750850314761,
        "auc_micro": 0.9568499798819691
      }
    },
    "cross_tab": {
      "common_short": {
        "acc_macro": 0.002340528898722072,
        "prec_macro": 0.0026108726750265093,
        "rec_macro": 0.002586603310632074,
        "f1_macro": 0.002598681330513801,
        "acc_micro": 0.31666666666666665,
        "prec_micro": 0.6666666666666666,
        "rec_micro": 0.37623762376237624,
        "f1_micro": 0.4810126582278481,
        "rec_at_5": 0.34002583438067313,
        "prec_at_5": 0.6064516129032258,
        "f1_at_5": 0.4357403682056699,
        "rec_at_8": 0.45850323511613844,
        "prec_at_8": 0.5241935483870968,
        "f1_at_8": 0.4891527921882135,
        "rec_at_15": 0.5985796909184004,
        "prec_at_15": 0.3677419354838709,
        "f1_at_15": 0.4555892118428788,
        "auc_macro": 0.9323833793010344,
        "auc_micro": 0.9907108973161545
      },
      "common_medium": {
        "acc_macro": 0.0037602559716630444,
        "prec_macro": 0.004228197454598086,
        "rec_macro": 0.0040837601619714455,
        "f1_macro": 0.004154723861347853,
        "acc_micro": 0.29381443298969073,
        "prec_micro": 0.6514285714285715,
        "rec_micro": 0.3486238532110092,
        "f1_micro": 0.45418326693227096,
        "rec_at_5": 0.26683147933073453,
        "prec_at_5": 0.7209302325581396,
        "f1_at_5": 0.3895005812279969,
        "rec_at_8": 0.37003749727003804,
        "prec_at_8": 0.6395348837209303,
        "f1_at_8": 0.46881608935594477,
        "rec_at_15": 0.5044655057241612,
        "prec_at_15": 0.4852713178294575,
        "f1_at_15": 0.4946822931843868,
        "auc_macro": 0.929702439248597,
        "auc_micro": 0.9883135194415035
      },
      "common_long": {
        "acc_macro": 0.003933044633381203,
        "prec_macro": 0.004719890459396266,
        "rec_macro": 0.004374638806164065,
        "f1_macro": 0.004540711313714442,
        "acc_micro": 0.25461613216715256,
        "prec_micro": 0.6313253012048192,
        "rec_micro": 0.2990867579908676,
        "f1_micro": 0.4058869093725794,
        "rec_at_5": 0.23080714806758007,
        "prec_at_5": 0.7019607843137254,
        "f1_at_5": 0.347390944860445,