{
  "metadata": {
    "timestamp": "2025-11-15T22:28:34.009502",
    "model": "openai/Qwen/Qwen3-30B-A3B-Instruct-2507",
    "folder_name": "openai_Qwen_Qwen3-30B-A3B-Instruct-2507_20251112_052508",
    "total_samples": 250,
    "successful": 249,
    "failed": 1
  },
  "overall": {
    "acc_macro": 0.022984400745859637,
    "prec_macro": 0.0369631461732097,
    "rec_macro": 0.032267693837178354,
    "f1_macro": 0.03445618986558692,
    "acc_micro": 0.0457516339869281,
    "prec_micro": 0.10974244120940649,
    "rec_micro": 0.07275426874536006,
    "f1_micro": 0.0875,
    "rec_at_5": 0.05327758317482481,
    "prec_at_5": 0.09397590361445783,
    "f1_at_5": 0.06800258697321389,
    "rec_at_8": 0.07124300474331671,
    "prec_at_8": 0.0853413654618474,
    "f1_at_8": 0.07765749923103121,
    "rec_at_15": 0.08249656824054902,
    "prec_at_15": 0.05649263721552878,
    "f1_at_15": 0.06706202378590048,
    "auc_macro": 0.5212120048207948,
    "auc_micro": 0.5347374452329908
  },
  "stratified": {
    "by_length": {
      "short": {
        "acc_macro": 0.010103665886063297,
        "prec_macro": 0.012054705593028835,
        "rec_macro": 0.012351038473593874,
        "f1_macro": 0.012201073006494877,
        "acc_micro": 0.04920049200492005,
        "prec_micro": 0.11267605633802817,
        "rec_micro": 0.08032128514056225,
        "f1_micro": 0.09378663540445485,
        "rec_at_5": 0.05452249770431588,
        "prec_at_5": 0.08787878787878788,
        "f1_at_5": 0.06729392913497378,
        "rec_at_8": 0.07190765883947701,
        "prec_at_8": 0.07575757575757576,
        "f1_at_8": 0.07378242992599855,
        "rec_at_15": 0.0765974135292317,
        "prec_at_15": 0.04343434343434344,
        "f1_at_15": 0.05543463579260401,
        "auc_macro": 0.5304606960563173,
        "auc_micro": 0.5389371515425487
      },
      "medium": {
        "acc_macro": 0.015503443774763075,
        "prec_macro": 0.020686803831295574,
        "rec_macro": 0.018232890703507944,
        "f1_macro": 0.019382486824177526,
        "acc_micro": 0.04801536491677337,
        "prec_micro": 0.1141552511415525,
        "rec_micro": 0.07653061224489796,
        "f1_micro": 0.0916310323762981,
        "rec_at_5": 0.06311364293130713,
        "prec_at_5": 0.09670329670329669,
        "f1_at_5": 0.07637860357439383,
        "rec_at_8": 0.0831697292655039,
        "prec_at_8": 0.08928571428571429,
        "f1_at_8": 0.0861192726829125,
        "rec_at_15": 0.09756722083176189,
        "prec_at_15": 0.06080586080586081,
        "f1_at_15": 0.07492004054938399,
        "auc_macro": 0.5250003542488335,
        "auc_micro": 0.5366230753974972
      },
      "long": {
        "acc_macro": 0.01488827275948556,
        "prec_macro": 0.02377500776179991,
        "rec_macro": 0.01973714744957013,
        "f1_macro": 0.021568724028025184,
        "acc_micro": 0.04243059193294919,
        "prec_micro": 0.10465116279069768,
        "rec_micro": 0.06661184210526316,
        "f1_micro": 0.0814070351758794,
        "rec_at_5": 0.04265534625323458,
        "prec_at_5": 0.09565217391304347,
        "f1_at_5": 0.05900006873422751,
        "rec_at_8": 0.05896910146216874,
        "prec_at_8": 0.08831521739130435,
        "f1_at_8": 0.07071858098053742,
        "rec_at_15": 0.07182172938344655,
        "prec_at_15": 0.06159420289855072,
        "f1_at_15": 0.06631595037417795,
        "auc_macro": 0.5232871720891193,
        "auc_micro": 0.5313693013343218
      }
    },
    "by_code_freq": {
      "common": {
        "acc_macro": 0.018844915936761675,
        "prec_macro": 0.030791577702373455,
        "rec_macro": 0.024688891531383834,
        "f1_macro": 0.027404595976687336,
        "acc_micro": 0.058130978660779986,
        "prec_micro": 0.15148609779482264,
        "rec_micro": 0.0861974904528096,
        "f1_micro": 0.10987482614742697,
        "rec_at_5": 0.053522596477901814,
        "prec_at_5": 0.1376,
        "f1_at_5": 0.07706790731268472,
        "rec_at_8": 0.08148244351506492,
        "prec_at_8": 0.132,
        "f1_at_8": 0.10076409438539678,
        "rec_at_15": 0.0984968557988655,
        "prec_at_15": 0.08906666666666666,
        "f1_at_15": 0.0935446989674064,
        "auc_macro": 0.5257195144854503,
        "auc_micro": 0.5412771353761268
      },
      "medium": {
        "acc_macro": 0.008222676199559045,
        "prec_macro": 0.008835546475266343,
        "rec_macro": 0.0112359550551413,
        "f1_macro": 0.009892214883206948,
        "acc_micro": 0.02389705882352941,
        "prec_micro": 0.054279749478079335,
        "rec_micro": 0.04094488188976378,
        "f1_micro": 0.0466786355475763,
        "rec_at_5": 0.0631058201058201,
        "prec_at_5": 0.056000000000000015,
        "f1_at_5": 0.05934094442716895,
        "rec_at_8": 0.07181794131794131,
        "prec_at_8": 0.043333333333333335,
        "f1_at_8": 0.05405256346260817,
        "rec_at_15": 0.07934093684093685,
        "prec_at_15": 0.027555555555555552,
        "f1_at_15": 0.040904683473449464,
        "auc_macro": 0.5194141801412708,
        "auc_micro": 0.5189233522740889
      },
      "rare": {
        "acc_macro": 0.003472931562538645,
        "prec_macro": 0.0036431733057999093,
        "rec_macro": 0.003915560095004823,
        "f1_macro": 0.003774458830326841,
        "acc_micro": 0.02510460251046025,
        "prec_micro": 0.045454545454545456,
        "rec_micro": 0.05309734513274336,
        "f1_micro": 0.04897959183673469,
        "rec_at_5": 0.03760932944606414,
        "prec_at_5": 0.04081632653061224,
        "f1_at_5": 0.03914725741597754,
        "rec_at_8": 0.04424198250728863,
        "prec_at_8": 0.030612244897959183,
        "f1_at_8": 0.03618623690956422,
        "rec_at_15": 0.04650955620343375,
        "prec_at_15": 0.017687074829931974,
        "f1_at_15": 0.025628073861056973,
        "auc_macro": 0.5179023837667455,
        "auc_micro": 0.5252322782331359
      }
    },
    "cross_tab": {
      "common_short": {
        "acc_macro": 0.007463328695357236,
        "prec_macro": 0.009141981613101825,
        "rec_macro": 0.008971739869833219,
        "f1_macro": 0.009056060733275431,
        "acc_micro": 0.06223175965665236,
        "prec_micro": 0.15104166666666666,
        "rec_micro": 0.09570957095709572,
        "f1_micro": 0.11717171717171718,
        "rec_at_5": 0.061676674579900385,
        "prec_at_5": 0.12258064516129036,
        "f1_at_5": 0.082063134013091,
        "rec_at_8": 0.09223863054508215,
        "prec_at_8": 0.11693548387096774,
        "f1_at_8": 0.10312909821079659,
        "rec_at_15": 0.10007273192757063,
        "prec_at_15": 0.06666666666666668,
        "f1_at_15": 0.08002326406458105,
        "auc_macro": 0.5383700569475903,
        "auc_micro": 0.5465053360208112
      },
      "common_medium": {
        "acc_macro": 0.01221787229333279,
        "prec_macro": 0.015933649704856546,
        "rec_macro": 0.014402451480074168,
        "f1_macro": 0.01512940739324071,
        "acc_micro": 0.06172839506172839,
        "prec_micro": 0.15873015873015872,
        "rec_micro": 0.09174311926605505,
        "f1_micro": 0.11627906976744186,
        "rec_at_5": 0.058556853054700514,
        "prec_at_5": 0.15348837209302327,
        "f1_at_5": 0.0847724445952028,
        "rec_at_8": 0.08646624506427973,
        "prec_at_8": 0.14534883720930233,
        "f1_at_8": 0.1084292536506791,
        "rec_at_15": 0.10794821822899116,
        "prec_at_15": 0.10077519379844961,
        "f1_at_15": 0.10423845132230518,
        "auc_macro": 0.5310709907273968,
        "auc_micro": 0.5439682797670949
      },
      "common_long": {
        "acc_macro": 0.012359710204214234,
        "prec_macro": 0.02044726792905107,
        "rec_macro": 0.015888468039381983,
        "f1_macro": 0.017881887036257996,
        "acc_micro": 0.05390625,
        "prec_micro": 0.14587737843551796,
        "rec_micro": 0.07876712328767123,
        "f1_micro": 0.1022979985174203,