{
  "metadata": {
    "timestamp": "2025-11-15T22:29:48.634140",
    "model": "openai/deepseek-ai/DeepSeek-V3-0324",
    "folder_name": "openai_deepseek-ai_DeepSeek-V3-0324_20251112_034458",
    "total_samples": 250,
    "successful": 250,
    "failed": 0
  },
  "overall": {
    "acc_macro": 0.08503567719641932,
    "prec_macro": 0.10563751044176901,
    "rec_macro": 0.11441947923216066,
    "f1_macro": 0.10985326073976645,
    "acc_micro": 0.13571896137900938,
    "prec_micro": 0.24850179784258888,
    "rec_micro": 0.23019985196151,
    "f1_micro": 0.23900096061479345,
    "rec_at_5": 0.1467507184616369,
    "prec_at_5": 0.2304,
    "f1_at_5": 0.17929895863104595,
    "rec_at_8": 0.2028518719092788,
    "prec_at_8": 0.221,
    "f1_at_8": 0.21153741041656213,
    "rec_at_15": 0.24719572667215242,
    "prec_at_15": 0.16240000000000002,
    "f1_at_15": 0.19602053145290738,
    "auc_macro": 0.5761524430602012,
    "auc_micro": 0.6131679131129947
  },
  "stratified": {
    "by_length": {
      "short": {
        "acc_macro": 0.0322594333643041,
        "prec_macro": 0.03567954184038213,
        "rec_macro": 0.037844739526879834,
        "f1_macro": 0.036730259508225824,
        "acc_micro": 0.13800904977375567,
        "prec_micro": 0.24015748031496062,
        "rec_micro": 0.24497991967871485,
        "f1_micro": 0.242544731610338,
        "rec_at_5": 0.16183687945051578,
        "prec_at_5": 0.22424242424242422,
        "f1_at_5": 0.18799606108218464,
        "rec_at_8": 0.22771006350551806,
        "prec_at_8": 0.20833333333333334,
        "f1_at_8": 0.21759117054664104,
        "rec_at_15": 0.24498699953245406,
        "prec_at_15": 0.12323232323232322,
        "f1_at_15": 0.16398008060748248,
        "auc_macro": 0.5943371603240402,
        "auc_micro": 0.6209906978180726
      },
      "medium": {
        "acc_macro": 0.05335206151469894,
        "prec_macro": 0.06111743068600063,
        "rec_macro": 0.06496895667081003,
        "f1_macro": 0.06298436792916055,
        "acc_micro": 0.14063435068821065,
        "prec_micro": 0.2559912854030501,
        "rec_micro": 0.23785425101214575,
        "f1_micro": 0.2465897166841553,
        "rec_at_5": 0.15429926381693626,
        "prec_at_5": 0.24565217391304345,
        "f1_at_5": 0.189542759515733,
        "rec_at_8": 0.20250634116361854,
        "prec_at_8": 0.22554347826086957,
        "f1_at_8": 0.21340499392025625,
        "rec_at_15": 0.24986718398470345,
        "prec_at_15": 0.16884057971014493,
        "f1_at_15": 0.20151391425005877,
        "auc_macro": 0.5892435404703864,
        "auc_micro": 0.6170208803903027
      },
      "long": {
        "acc_macro": 0.04913670575382658,
        "prec_macro": 0.058667121118844,
        "rec_macro": 0.06605767256531785,
        "f1_macro": 0.06214343375916218,
        "acc_micro": 0.1306706114398422,
        "prec_micro": 0.24605385329619314,
        "rec_micro": 0.21792763157894737,
        "f1_micro": 0.23113824683820322,
        "rec_at_5": 0.1283794923969243,
        "prec_at_5": 0.21956521739130433,
        "f1_at_5": 0.16202385243260053,
        "rec_at_8": 0.18536435216198474,
        "prec_at_8": 0.22554347826086957,
        "f1_at_8": 0.20348953043393486,
        "rec_at_15": 0.246108791003298,
        "prec_at_15": 0.18405797101449273,
        "f1_at_15": 0.21060801865962597,
        "auc_macro": 0.5800108505011112,
        "auc_micro": 0.6066946452104439
      }
    },
    "by_code_freq": {
      "common": {
        "acc_macro": 0.059193916270755986,
        "prec_macro": 0.07412373449005717,
        "rec_macro": 0.07634598077480759,
        "f1_macro": 0.07521844775705848,
        "acc_micro": 0.1667252901864228,
        "prec_micro": 0.3194070080862534,
        "rec_micro": 0.25859247135842883,
        "f1_micro": 0.2858004220681339,
        "rec_at_5": 0.12950870873642795,
        "prec_at_5": 0.3168000000000001,
        "f1_at_5": 0.18385641205101413,
        "rec_at_8": 0.20886371979029825,
        "prec_at_8": 0.317,
        "f1_at_8": 0.2518135276566614,
        "rec_at_15": 0.2808809821161865,
        "prec_at_15": 0.24533333333333335,
        "f1_at_15": 0.2619064726646152,
        "auc_macro": 0.5816295284044137,
        "auc_micro": 0.627217336302061
      },
      "medium": {
        "acc_macro": 0.04395744987795779,
        "prec_macro": 0.04776235283965023,
        "rec_macro": 0.05164283281778219,
        "f1_macro": 0.04962685168522811,
        "acc_micro": 0.1,
        "prec_micro": 0.1794478527607362,
        "rec_micro": 0.18425196850393702,
        "f1_micro": 0.18181818181818182,
        "rec_at_5": 0.16589697122050065,
        "prec_at_5": 0.17333333333333328,
        "f1_at_5": 0.16953364499302923,
        "rec_at_8": 0.2118170674641263,
        "prec_at_8": 0.15833333333333333,
        "f1_at_8": 0.1812112172578084,
        "rec_at_15": 0.2386487651781769,
        "prec_at_15": 0.10488888888888888,
        "f1_at_15": 0.14572844355138803,
        "auc_macro": 0.5898500315878906,
        "auc_micro": 0.5902964865944095
      },
      "rare": {
        "acc_macro": 0.013363976845898592,
        "prec_macro": 0.013789581204034729,
        "rec_macro": 0.014725910791903584,
        "f1_macro": 0.01424237342264688,
        "acc_micro": 0.054385964912280704,
        "prec_micro": 0.08446866485013624,
        "rec_micro": 0.13247863247863248,
        "f1_micro": 0.10316139767054908,
        "rec_at_5": 0.16113636363636363,
        "prec_at_5": 0.1,
        "f1_at_5": 0.1234116623150566,
        "rec_at_8": 0.17437445887445885,
        "prec_at_8": 0.075,
        "f1_at_8": 0.10488712015345755,
        "rec_at_15": 0.1758030303030303,
        "prec_at_15": 0.04133333333333334,
        "f1_at_15": 0.06693052357360502,
        "auc_macro": 0.5658239678359823,
        "auc_micro": 0.5645191679789185
      }
    },
    "cross_tab": {
      "common_short": {
        "acc_macro": 0.02446832193827485,
        "prec_macro": 0.02765527048178808,
        "rec_macro": 0.027315287706256738,
        "f1_macro": 0.027484227728605464,
        "acc_micro": 0.2033898305084746,
        "prec_micro": 0.3622641509433962,
        "rec_micro": 0.31683168316831684,
        "f1_micro": 0.3380281690140845,
        "rec_at_5": 0.1902696318018899,
        "prec_at_5": 0.36129032258064514,
        "f1_at_5": 0.2492660176098604,
        "rec_at_8": 0.29681317786156497,
        "prec_at_8": 0.3387096774193548,
        "f1_at_8": 0.3163804256350954,
        "rec_at_15": 0.3335963319834288,
        "prec_at_15": 0.2064516129032258,
        "f1_at_15": 0.2550569868793172,
        "auc_macro": 0.6203811289416216,
        "auc_micro": 0.6570167191402474
      },
      "common_medium": {
        "acc_macro": 0.03564029854546352,
        "prec_macro": 0.040753825316045655,
        "rec_macro": 0.044473066794602445,
        "f1_macro": 0.04253229351747333,
        "acc_micro": 0.17374136229022705,
        "prec_micro": 0.32897196261682243,
        "rec_micro": 0.2691131498470948,
        "f1_micro": 0.2960470984020185,
        "rec_at_5": 0.13018368679878908,
        "prec_at_5": 0.3488372093023256,
        "f1_at_5": 0.18960723579787864,
        "rec_at_8": 0.20446614678486344,
        "prec_at_8": 0.3430232558139535,
        "f1_at_8": 0.2562118756671954,
        "rec_at_15": 0.28501583342185305,
        "prec_at_15": 0.26976744186046514,
        "f1_at_15": 0.2771820842393455,
        "auc_macro": 0.5986077037995784,
        "auc_micro": 0.6324079036283594
      },
      "common_long": {
        "acc_macro": 0.035820071567150086,
        "prec_macro": 0.04424273677088446,
        "rec_macro": 0.04390070967991061,
        "f1_macro": 0.044071059633629395,
        "acc_micro": 0.1487481590574374,
        "prec_micro": 0.2953216374269006,
        "rec_micro": 0.23059360730593606,
        "f1_micro": 0.25897435897435894,
        "rec_at_5": 0.09200649948719565,
        "prec_at_5": 0.2627450980392157,
        "f1_at_5": 0.136288360061344,