{
  "metadata": {
    "timestamp": "2025-11-15T22:24:48.640537",
    "model": "anthropic/claude-haiku-4-5",
    "folder_name": "anthropic_claude-haiku-4-5_20251112_032859",
    "total_samples": 250,
    "successful": 250,
    "failed": 0
  },
  "overall": {
    "acc_macro": 0.04683481264352946,
    "prec_macro": 0.06310087901317374,
    "rec_macro": 0.06224696324734087,
    "f1_macro": 0.06267101253557396,
    "acc_micro": 0.08056325023084025,
    "prec_micro": 0.17635169277412835,
    "rec_micro": 0.12916358253145818,
    "f1_micro": 0.14911343729972226,
    "rec_at_5": 0.09362500972024192,
    "prec_at_5": 0.128,
    "f1_at_5": 0.10814665059072905,
    "rec_at_8": 0.13713336247859467,
    "prec_at_8": 0.1245,
    "f1_at_8": 0.13051167073527833,
    "rec_at_15": 0.17053363325700788,
    "prec_at_15": 0.092,
    "f1_at_15": 0.11952064247925027,
    "auc_macro": 0.5431243875958502,
    "auc_micro": 0.5629791893481126
  },
  "stratified": {
    "by_length": {
      "short": {
        "acc_macro": 0.02721523654064487,
        "prec_macro": 0.029730132173924426,
        "rec_macro": 0.03278728606071906,
        "f1_macro": 0.03118396043006418,
        "acc_micro": 0.11419753086419752,
        "prec_micro": 0.18974358974358974,
        "rec_micro": 0.22289156626506024,
        "f1_micro": 0.20498614958448752,
        "rec_at_5": 0.13002016922471468,
        "prec_at_5": 0.1696969696969697,
        "f1_at_5": 0.1472323457797759,
        "rec_at_8": 0.18635543749180114,
        "prec_at_8": 0.16477272727272727,
        "f1_at_8": 0.1749007727603874,
        "rec_at_15": 0.22643780882417247,
        "prec_at_15": 0.11010101010101009,
        "f1_at_15": 0.14816140114964468,
        "auc_macro": 0.5848671849900309,
        "auc_micro": 0.6096833344443274
      },
      "medium": {
        "acc_macro": 0.03158299037451431,
        "prec_macro": 0.03708220459100235,
        "rec_macro": 0.03803937911818575,
        "f1_macro": 0.037554693852992836,
        "acc_micro": 0.08752997601918465,
        "prec_micro": 0.17675544794188863,
        "rec_micro": 0.14777327935222673,
        "f1_micro": 0.16097023153252482,
        "rec_at_5": 0.09917020716716167,
        "prec_at_5": 0.1326086956521739,
        "f1_at_5": 0.11347738435230958,
        "rec_at_8": 0.14126888445605634,
        "prec_at_8": 0.1331521739130435,
        "f1_at_8": 0.1370904928607514,
        "rec_at_15": 0.1804151878636163,
        "prec_at_15": 0.10362318840579712,
        "f1_at_15": 0.13163852891150313,
        "auc_macro": 0.5541777365485921,
        "auc_micro": 0.5720699345380438
      },
      "long": {
        "acc_macro": 0.018948032263456066,
        "prec_macro": 0.025157336548990043,
        "rec_macro": 0.021652636813724747,
        "f1_macro": 0.02327378686055006,
        "acc_micro": 0.054373522458628844,
        "prec_micro": 0.1619718309859155,
        "rec_micro": 0.0756578947368421,
        "f1_micro": 0.1031390134529148,
        "rec_at_5": 0.061970241324461266,
        "prec_at_5": 0.09347826086956523,
        "f1_at_5": 0.07453105437384533,
        "rec_at_8": 0.09768635190470229,
        "prec_at_8": 0.08695652173913043,
        "f1_at_8": 0.0920096748429404,
        "rec_at_15": 0.12054690922178135,
        "prec_at_15": 0.06739130434782609,
        "f1_at_15": 0.0864519598569663,
        "auc_macro": 0.5273352276966774,
        "auc_micro": 0.5365557026272428
      }
    },
    "by_code_freq": {
      "common": {
        "acc_macro": 0.03094806762197405,
        "prec_macro": 0.04479307391484015,
        "rec_macro": 0.035288295799721245,
        "f1_macro": 0.039476628527202615,
        "acc_micro": 0.09771726071285543,
        "prec_micro": 0.2687224669603524,
        "rec_micro": 0.1331151118385161,
        "f1_micro": 0.17803721269609632,
        "rec_at_5": 0.07454254260359523,
        "prec_at_5": 0.16639999999999996,
        "f1_at_5": 0.10296130318210696,
        "rec_at_8": 0.12483690379795641,
        "prec_at_8": 0.164,
        "f1_at_8": 0.14176341010209725,
        "rec_at_15": 0.1700694212220528,
        "prec_at_15": 0.12746666666666667,
        "f1_at_15": 0.14571800267275223,
        "auc_macro": 0.5393472808792719,
        "auc_micro": 0.5652493980577021
      },
      "medium": {
        "acc_macro": 0.02583944580058415,
        "prec_macro": 0.027106764463842442,
        "rec_macro": 0.03227383862777913,
        "f1_macro": 0.029465491978161,
        "acc_micro": 0.0630114566284779,
        "prec_micro": 0.11596385542168675,
        "rec_micro": 0.12125984251968504,
        "f1_micro": 0.11855273287143958,
        "rec_at_5": 0.11830082118317412,
        "prec_at_5": 0.10400000000000001,
        "f1_at_5": 0.11069041794418114,
        "rec_at_8": 0.15394917283152576,
        "prec_at_8": 0.10166666666666667,
        "f1_at_8": 0.12246110623346144,
        "rec_at_15": 0.17641439823792765,
        "prec_at_15": 0.06844444444444445,
        "f1_at_15": 0.09862486767577303,
        "auc_macro": 0.5585384123676617,
        "auc_micro": 0.5587083551998714
      },
      "rare": {
        "acc_macro": 0.009908021887610037,
        "prec_macro": 0.010268948654360227,
        "rec_macro": 0.01177669111542957,
        "f1_macro": 0.010971261224029302,
        "acc_micro": 0.04567699836867863,
        "prec_micro": 0.0687960687960688,
        "rec_micro": 0.11965811965811966,
        "f1_micro": 0.0873634945397816,
        "rec_at_5": 0.10431746031746032,
        "prec_at_5": 0.068,
        "f1_at_5": 0.08233161385408991,
        "rec_at_8": 0.14265079365079364,
        "prec_at_8": 0.06,
        "f1_at_8": 0.08447090154304064,
        "rec_at_15": 0.16287301587301584,
        "prec_at_15": 0.03866666666666667,
        "f1_at_15": 0.06249644272925363,
        "auc_macro": 0.5549180702134591,
        "auc_micro": 0.5579715080724726
      }
    },
    "cross_tab": {
      "common_short": {
        "acc_macro": 0.022640869616194267,
        "prec_macro": 0.025715061898633644,
        "rec_macro": 0.025175224121705718,
        "f1_macro": 0.025442279744424996,
        "acc_micro": 0.17208413001912046,
        "prec_micro": 0.2903225806451613,
        "rec_micro": 0.297029702970297,
        "f1_micro": 0.2936378466557912,
        "rec_at_5": 0.14196050365405205,
        "prec_at_5": 0.2838709677419355,
        "f1_at_5": 0.1892695503284403,
        "rec_at_8": 0.25034096727645117,
        "prec_at_8": 0.2903225806451613,
        "f1_at_8": 0.26885347066690934,
        "rec_at_15": 0.296161499790532,
        "prec_at_15": 0.18924731182795695,
        "f1_at_15": 0.23093016179667303,
        "auc_macro": 0.6151501321398549,
        "auc_micro": 0.6467713657817312
      },
      "common_medium": {
        "acc_macro": 0.016128621173895803,
        "prec_macro": 0.020140826014947932,
        "rec_macro": 0.018560976511891265,
        "f1_macro": 0.019318655679372482,
        "acc_micro": 0.0998914223669924,
        "prec_micro": 0.2562674094707521,
        "rec_micro": 0.14067278287461774,
        "f1_micro": 0.18163869693978285,
        "rec_at_5": 0.059837586933670174,
        "prec_at_5": 0.14883720930232558,
        "f1_at_5": 0.08535826665449982,
        "rec_at_8": 0.10168530639766869,
        "prec_at_8": 0.15406976744186046,
        "f1_at_8": 0.12251277187777714,
        "rec_at_15": 0.16479670710086866,
        "prec_at_15": 0.13798449612403102,
        "f1_at_15": 0.15020344955378578,
        "auc_macro": 0.5421008486812902,
        "auc_micro": 0.5688068489251927
      },
      "common_long": {
        "acc_macro": 0.011402351151838295,
        "prec_macro": 0.018166259167193034,
        "rec_macro": 0.012091570334116144,
        "f1_macro": 0.014519124738831162,
        "acc_micro": 0.05887939221272555,
        "prec_micro": 0.2594142259414226,
        "rec_micro": 0.07077625570776255,
        "f1_micro": 0.11121076233183855,
        "rec_at_5": 0.04596129360835243,
        "prec_at_5": 0.10980392156862745,
        "f1_at_5": 0.06479919502990589,