{
  "metadata": {
    "timestamp": "2025-11-15T22:30:34.037401",
    "model": "openai/gpt-4o",
    "folder_name": "openai_gpt-4o_20251112_002002",
    "total_samples": 250,
    "successful": 250,
    "failed": 0
  },
  "overall": {
    "acc_macro": 0.08760987107345271,
    "prec_macro": 0.11161298801831439,
    "rec_macro": 0.11207438281422986,
    "f1_macro": 0.11184320956205446,
    "acc_micro": 0.15085220045789877,
    "prec_micro": 0.32546652030735457,
    "rec_micro": 0.21946706143597336,
    "f1_micro": 0.262157382847038,
    "rec_at_5": 0.1680445236656406,
    "prec_at_5": 0.27920000000000006,
    "f1_at_5": 0.20980930352329016,
    "rec_at_8": 0.21378930976453317,
    "prec_at_8": 0.2505,
    "f1_at_8": 0.23069332405338333,
    "rec_at_15": 0.2386471231785658,
    "prec_at_15": 0.16026666666666667,
    "f1_at_15": 0.19175661466231586,
    "auc_macro": 0.5724747204560683,
    "auc_micro": 0.6084262174223232
  },
  "stratified": {
    "by_length": {
      "short": {
        "acc_macro": 0.03397091781971657,
        "prec_macro": 0.03832334449415085,
        "rec_macro": 0.038538440227394874,
        "f1_macro": 0.038430591390826434,
        "acc_micro": 0.15678524374176547,
        "prec_micro": 0.3131578947368421,
        "rec_micro": 0.2389558232931727,
        "f1_micro": 0.27107061503416857,
        "rec_at_5": 0.17431993511538968,
        "prec_at_5": 0.23636363636363636,
        "f1_at_5": 0.20065518377645122,
        "rec_at_8": 0.2198372334735971,
        "prec_at_8": 0.20833333333333334,
        "f1_at_8": 0.21393074251637892,
        "rec_at_15": 0.2356501242864879,
        "prec_at_15": 0.12222222222222222,
        "f1_at_15": 0.1609606449797954,
        "auc_macro": 0.5936117037505623,
        "auc_micro": 0.6184280998886946
      },
      "medium": {
        "acc_macro": 0.0553071682108239,
        "prec_macro": 0.06296932839262195,
        "rec_macro": 0.0620414883849988,
        "f1_macro": 0.06250196513845038,
        "acc_micro": 0.15164220824598182,
        "prec_micro": 0.3287878787878788,
        "rec_micro": 0.21963562753036436,
        "f1_micro": 0.2633495145631068,
        "rec_at_5": 0.1784692491967917,
        "prec_at_5": 0.2956521739130435,
        "f1_at_5": 0.22257936017979357,
        "rec_at_8": 0.22118760127698767,
        "prec_at_8": 0.26222826086956524,
        "f1_at_8": 0.23996581225624516,
        "rec_at_15": 0.24178075957951303,
        "prec_at_15": 0.16014492753623188,
        "f1_at_15": 0.19267224496336208,
        "auc_macro": 0.5830980070622264,
        "auc_micro": 0.6085373485198416
      },
      "long": {
        "acc_macro": 0.05158878138765342,
        "prec_macro": 0.0643682468531287,
        "rec_macro": 0.06438016404789944,
        "f1_macro": 0.06437420489897511,
        "acc_micro": 0.1476163124641011,
        "prec_micro": 0.32864450127877237,
        "rec_micro": 0.21134868421052633,
        "f1_micro": 0.25725725725725723,
        "rec_at_5": 0.1531178725292347,
        "prec_at_5": 0.29347826086956524,
        "f1_at_5": 0.20124118225537835,
        "rec_at_8": 0.20205229037383707,
        "prec_at_8": 0.26902173913043476,
        "f1_at_8": 0.23077671511145928,
        "rec_at_15": 0.23766350772193512,
        "prec_at_15": 0.18768115942028982,
        "f1_at_15": 0.20973561502879245,
        "auc_macro": 0.5760839304417639,
        "auc_micro": 0.6041548579773602
      }
    },
    "by_code_freq": {
      "common": {
        "acc_macro": 0.0649617750673863,
        "prec_macro": 0.08423096847383682,
        "rec_macro": 0.07774047163955326,
        "f1_macro": 0.08085567691721825,
        "acc_micro": 0.18522954091816368,
        "prec_micro": 0.4084507042253521,
        "rec_micro": 0.2531369339879978,
        "f1_micro": 0.31256315257662515,
        "rec_at_5": 0.16376985345326384,
        "prec_at_5": 0.39520000000000005,
        "f1_at_5": 0.23157544431022287,
        "rec_at_8": 0.2374909176884233,
        "prec_at_8": 0.376,
        "f1_at_8": 0.2911097213543385,
        "rec_at_15": 0.2827316827769209,
        "prec_at_15": 0.2501333333333333,
        "f1_at_15": 0.26543539588382786,
        "auc_macro": 0.5810065799962433,
        "auc_micro": 0.6251358877544597
      },
      "medium": {
        "acc_macro": 0.04115106645140853,
        "prec_macro": 0.04342499558913979,
        "rec_macro": 0.04611316763179764,
        "f1_macro": 0.04472872859969109,
        "acc_micro": 0.10061601642710473,
        "prec_micro": 0.2242562929061785,
        "rec_micro": 0.15433070866141732,
        "f1_micro": 0.1828358208955224,
        "rec_at_5": 0.1880711913358972,
        "prec_at_5": 0.19733333333333333,
        "f1_at_5": 0.1925909672292266,
        "rec_at_8": 0.21365843524667055,
        "prec_at_8": 0.15666666666666668,
        "f1_at_8": 0.1807771316735912,
        "rec_at_15": 0.22111653814594992,
        "prec_at_15": 0.08977777777777778,
        "f1_at_15": 0.12770482062804123,
        "auc_macro": 0.5778051197717408,
        "auc_micro": 0.5759648443795791
      },
      "rare": {
        "acc_macro": 0.01445443327909689,
        "prec_macro": 0.015071390797078265,
        "rec_macro": 0.015247664373636819,
        "f1_macro": 0.015159015162169914,
        "acc_micro": 0.06858407079646017,
        "prec_micro": 0.12449799196787148,
        "rec_micro": 0.13247863247863248,
        "f1_micro": 0.12836438923395446,
        "rec_at_5": 0.14869119769119765,
        "prec_at_5": 0.11200000000000003,
        "f1_at_5": 0.12776353240082144,
        "rec_at_8": 0.15473160173160172,
        "prec_at_8": 0.0775,
        "f1_at_8": 0.10327362034094191,
        "rec_at_15": 0.15473160173160172,
        "prec_at_15": 0.04133333333333334,
        "f1_at_15": 0.0652393337896418,
        "auc_macro": 0.5660569978341967,
        "auc_micro": 0.5650836268546943
      }
    },
    "cross_tab": {
      "common_short": {
        "acc_macro": 0.026667332105805647,
        "prec_macro": 0.030327239301439365,
        "rec_macro": 0.02939865528193861,
        "f1_macro": 0.029855728745300635,
        "acc_micro": 0.22673031026252982,
        "prec_micro": 0.45023696682464454,
        "rec_micro": 0.31353135313531355,
        "f1_micro": 0.36964980544747084,
        "rec_at_5": 0.20999802169157006,
        "prec_at_5": 0.3677419354838709,
        "f1_at_5": 0.2673350803783548,
        "rec_at_8": 0.29438858632407017,
        "prec_at_8": 0.3467741935483871,
        "f1_at_8": 0.31844133133456876,
        "rec_at_15": 0.3280547409579668,
        "prec_at_15": 0.20860215053763445,
        "f1_at_15": 0.2550341774879057,
        "auc_macro": 0.626873021653442,
        "auc_micro": 0.655771129429552
      },
      "common_medium": {
        "acc_macro": 0.038144761257706855,
        "prec_macro": 0.04475750760424423,
        "rec_macro": 0.041788913533438485,
        "f1_macro": 0.043222298291699345,
        "acc_micro": 0.18324022346368715,
        "prec_micro": 0.4049382716049383,
        "rec_micro": 0.25076452599388377,
        "f1_micro": 0.30972615675165244,
        "rec_at_5": 0.16474411511056736,
        "prec_at_5": 0.4279069767441861,
        "f1_at_5": 0.23789766762341838,
        "rec_at_8": 0.24079999454117154,
        "prec_at_8": 0.4069767441860465,
        "f1_at_8": 0.3025733772748269,
        "rec_at_15": 0.2797486071935463,
        "prec_at_15": 0.25736434108527134,
        "f1_at_15": 0.26809004024425537,
        "auc_macro": 0.5908072057707509,
        "auc_micro": 0.6238883193576703
      },
      "common_long": {
        "acc_macro": 0.03846686031469224,
        "prec_macro": 0.048848326971708905,
        "rec_macro": 0.0459255796773465,
        "f1_macro": 0.047341885794609705,
        "acc_micro": 0.17212426532325778,
        "prec_micro": 0.3942307692307692,
        "rec_micro": 0.23401826484018265,
        "f1_micro": 0.2936962750716332,
        "rec_at_5": 0.13484894234244924,
        "prec_at_5": 0.3843137254901961,
        "f1_at_5": 0.19964570883492394,