{
  "metadata": {
    "timestamp": "2025-11-15T22:26:34.631157",
    "model": "anthropic/claude-3-7-sonnet-20250219",
    "folder_name": "anthropic_claude-3-7-sonnet-20250219_20251112_041240",
    "total_samples": 250,
    "successful": 250,
    "failed": 0
  },
  "overall": {
    "acc_macro": 0.11494158001119222,
    "prec_macro": 0.14225877014115212,
    "rec_macro": 0.14520296961620785,
    "f1_macro": 0.14371579254950873,
    "acc_micro": 0.1844750993687164,
    "prec_micro": 0.33375634517766495,
    "rec_micro": 0.2920059215396003,
    "f1_micro": 0.311488353730754,
    "rec_at_5": 0.1763982340185113,
    "prec_at_5": 0.292,
    "f1_at_5": 0.21993372558859675,
    "rec_at_8": 0.24148106192354266,
    "prec_at_8": 0.279,
    "f1_at_8": 0.258888252447369,
    "rec_at_15": 0.297431575120393,
    "prec_at_15": 0.20560000000000006,
    "f1_at_15": 0.2431335720033758,
    "auc_macro": 0.602457796210282,
    "auc_micro": 0.6444635157910298
  },
  "stratified": {
    "by_length": {
      "short": {
        "acc_macro": 0.03815366076525894,
        "prec_macro": 0.04218962315348563,
        "rec_macro": 0.04288608004819839,
        "f1_macro": 0.04253500089148588,
        "acc_micro": 0.17142857142857143,
        "prec_micro": 0.2962962962962963,
        "rec_micro": 0.2891566265060241,
        "f1_micro": 0.2926829268292683,
        "rec_at_5": 0.1901098690871418,
        "prec_at_5": 0.2545454545454545,
        "f1_at_5": 0.21765893926572086,
        "rec_at_8": 0.25009189043279956,
        "prec_at_8": 0.22537878787878787,
        "f1_at_8": 0.23709309404405116,
        "rec_at_15": 0.28214418157599974,
        "prec_at_15": 0.14444444444444443,
        "f1_at_15": 0.19107007114167454,
        "auc_macro": 0.6135787532120132,
        "auc_micro": 0.643314118788853
      },
      "medium": {
        "acc_macro": 0.06573630549800225,
        "prec_macro": 0.07389185012259794,
        "rec_macro": 0.07668738919947216,
        "f1_macro": 0.07526366974003161,
        "acc_micro": 0.17890772128060264,
        "prec_micro": 0.3202247191011236,
        "rec_micro": 0.28846153846153844,
        "f1_micro": 0.30351437699680506,
        "rec_at_5": 0.1668436349589484,
        "prec_at_5": 0.28695652173913044,
        "f1_at_5": 0.21100419845816115,
        "rec_at_8": 0.2271752420058975,
        "prec_at_8": 0.27445652173913043,
        "f1_at_8": 0.24858763440616283,
        "rec_at_15": 0.2863803341414381,
        "prec_at_15": 0.20507246376811591,
        "f1_at_15": 0.23900045313376894,
        "auc_macro": 0.6118418736625658,
        "auc_micro": 0.6426239147347638
      },
      "long": {
        "acc_macro": 0.07449604572117252,
        "prec_macro": 0.0890663867762282,
        "rec_macro": 0.0889526604806959,
        "f1_macro": 0.08900948730181472,
        "acc_micro": 0.19522776572668113,
        "prec_micro": 0.3643724696356275,
        "rec_micro": 0.29605263157894735,
        "f1_micro": 0.32667876588021777,
        "rec_at_5": 0.17611622531144794,
        "prec_at_5": 0.32391304347826094,
        "f1_at_5": 0.22817201354877292,
        "rec_at_8": 0.24960954834541663,
        "prec_at_8": 0.3220108695652174,
        "f1_at_8": 0.2812250409398594,
        "rec_at_15": 0.31944985929423864,
        "prec_at_15": 0.25,
        "f1_at_15": 0.2804898922006553,
        "auc_macro": 0.615232832227495,
        "auc_micro": 0.6463563517415659
      }
    },
    "by_code_freq": {
      "common": {
        "acc_macro": 0.0866779439597943,
        "prec_macro": 0.10726291840553621,
        "rec_macro": 0.10132526952350407,
        "f1_macro": 0.10420958372787556,
        "acc_micro": 0.22803738317757008,
        "prec_micro": 0.4201101928374656,
        "rec_micro": 0.33278777959629025,
        "f1_micro": 0.3713850837138508,
        "rec_at_5": 0.16311750386394078,
        "prec_at_5": 0.40640000000000004,
        "f1_at_5": 0.2327968960411184,
        "rec_at_8": 0.25165923262066475,
        "prec_at_8": 0.403,
        "f1_at_8": 0.30983652469129336,
        "rec_at_15": 0.3465913860572571,
        "prec_at_15": 0.31626666666666664,
        "f1_at_15": 0.3307353721155217,
        "auc_macro": 0.6155222267887168,
        "auc_micro": 0.6647447977780271
      },
      "medium": {
        "acc_macro": 0.05429080722714925,
        "prec_macro": 0.057707265990727695,
        "rec_macro": 0.06153783827001667,
        "f1_macro": 0.05956102640117004,
        "acc_micro": 0.13438368860055608,
        "prec_micro": 0.2461799660441426,
        "rec_micro": 0.2283464566929134,
        "f1_micro": 0.23692810457516336,
        "rec_at_5": 0.19493054875407817,
        "prec_at_5": 0.22666666666666663,
        "f1_at_5": 0.2096041249869078,
        "rec_at_8": 0.24726672347260584,
        "prec_at_8": 0.20333333333333334,
        "f1_at_8": 0.22315828125938147,
        "rec_at_15": 0.2740666969196381,
        "prec_at_15": 0.12799999999999997,
        "f1_at_15": 0.17450108389715896,
        "auc_macro": 0.6132249756718523,
        "auc_micro": 0.6127282921319293
      },
      "rare": {
        "acc_macro": 0.012680278721951129,
        "prec_macro": 0.013368983956024144,
        "rec_macro": 0.014786906496724936,
        "f1_macro": 0.01404224214081947,
        "acc_micro": 0.06500956022944551,
        "prec_micro": 0.10526315789473684,
        "rec_micro": 0.1452991452991453,
        "f1_micro": 0.12208258527827646,
        "rec_at_5": 0.1818015873015873,
        "prec_at_5": 0.10400000000000002,
        "f1_at_5": 0.13231112715559135,
        "rec_at_8": 0.20735714285714285,
        "prec_at_8": 0.0825,
        "f1_at_8": 0.11803721044849678,
        "rec_at_15": 0.2095793650793651,
        "prec_at_15": 0.04533333333333335,
        "f1_at_15": 0.07454262793569748,
        "auc_macro": 0.5694241565633018,
        "auc_micro": 0.5712414101797824
      }
    },
    "cross_tab": {
      "common_short": {
        "acc_macro": 0.02970511365990457,
        "prec_macro": 0.03305308511068505,
        "rec_macro": 0.032077459080100804,
        "f1_macro": 0.0325579648775324,
        "acc_micro": 0.24568965517241378,
        "prec_micro": 0.41454545454545455,
        "rec_micro": 0.37623762376237624,
        "f1_micro": 0.3944636678200692,
        "rec_at_5": 0.22409405111018016,
        "prec_at_5": 0.3935483870967741,
        "f1_at_5": 0.28557575359756254,
        "rec_at_8": 0.3155861611506772,
        "prec_at_8": 0.3629032258064516,
        "f1_at_8": 0.33759477481315997,
        "rec_at_15": 0.3813451333612624,
        "prec_at_15": 0.24301075268817207,
        "f1_at_15": 0.296853028738018,
        "auc_macro": 0.6513046502360329,
        "auc_micro": 0.6868503762326315
      },
      "common_medium": {
        "acc_macro": 0.046709156987647195,
        "prec_macro": 0.05231104200507442,
        "rec_macro": 0.052851821916754534,
        "f1_macro": 0.05258004153228801,
        "acc_micro": 0.22085889570552147,
        "prec_micro": 0.4,
        "rec_micro": 0.3302752293577982,
        "f1_micro": 0.36180904522613067,
        "rec_at_5": 0.14992213238772784,
        "prec_at_5": 0.4186046511627907,
        "f1_at_5": 0.22077447798611913,
        "rec_at_8": 0.2433007409343185,
        "prec_at_8": 0.42151162790697677,
        "f1_at_8": 0.3085204072269,
        "rec_at_15": 0.3468914195636037,
        "prec_at_15": 0.33178294573643413,
        "f1_at_15": 0.3391690121745617,
        "auc_macro": 0.6252006984764946,
        "auc_micro": 0.6632924491265454
      },
      "common_long": {
        "acc_macro": 0.05655655936664856,
        "prec_macro": 0.06890386841231888,
        "rec_macro": 0.06482829999463138,
        "f1_macro": 0.066803981501765,
        "acc_micro": 0.22708840227088403,
        "prec_micro": 0.43956043956043955,
        "rec_micro": 0.319634703196347,
        "f1_micro": 0.37012557832121606,
        "rec_at_5": 0.1371788373706807,
        "prec_at_5": 0.40392156862745093,
        "f1_at_5": 0.20480299241707337,