{
  "metadata": {
    "timestamp": "2025-11-15T22:31:28.700150",
    "model": "openai/gpt-5-mini",
    "folder_name": "openai_gpt-5-mini_20251112_023535",
    "total_samples": 250,
    "successful": 250,
    "failed": 0
  },
  "overall": {
    "acc_macro": 0.018483934794439827,
    "prec_macro": 0.03148395721643676,
    "rec_macro": 0.018864073075626698,
    "f1_macro": 0.023592409323484043,
    "acc_micro": 0.02280014250089063,
    "prec_micro": 0.378698224852071,
    "rec_micro": 0.023686158401184307,
    "f1_micro": 0.04458376872169975,
    "rec_at_5": 0.056138256188256186,
    "prec_at_5": 0.053599999999999995,
    "f1_at_5": 0.0548397730419293,
    "rec_at_8": 0.05930039294039294,
    "prec_at_8": 0.0365,
    "f1_at_8": 0.045186961679187954,
    "rec_at_15": 0.06675062493062492,
    "prec_at_15": 0.021866666666666666,
    "f1_at_15": 0.03294196062282443,
    "auc_macro": 0.5097043308319105,
    "auc_micro": 0.5117016833406629
  },
  "stratified": {
    "by_length": {
      "short": {
        "acc_macro": 0.013926024954247785,
        "prec_macro": 0.01824866309990575,
        "rec_macro": 0.01434937611283872,
        "f1_macro": 0.016065808662175843,
        "acc_micro": 0.05989110707803993,
        "prec_micro": 0.38372093023255816,
        "rec_micro": 0.06626506024096386,
        "f1_micro": 0.11301369863013701,
        "rec_at_5": 0.0750223051359415,
        "prec_at_5": 0.09393939393939393,
        "f1_at_5": 0.08342186323853568,
        "rec_at_8": 0.08522853409217046,
        "prec_at_8": 0.06628787878787878,
        "f1_at_8": 0.07457434649859372,
        "rec_at_15": 0.08891928778292413,
        "prec_at_15": 0.03737373737373738,
        "f1_at_15": 0.05262754779903997,
        "auc_macro": 0.5275986889027138,
        "auc_micro": 0.5328627770717635
      },
      "medium": {
        "acc_macro": 0.007206253712928934,
        "prec_macro": 0.0085227272719126,
        "rec_macro": 0.007306521092603565,
        "f1_macro": 0.007867901892085884,
        "acc_micro": 0.014705882352941176,
        "prec_micro": 0.3191489361702128,
        "rec_micro": 0.015182186234817813,
        "f1_micro": 0.02898550724637681,
        "rec_at_5": 0.05062476774433296,
        "prec_at_5": 0.03695652173913044,
        "f1_at_5": 0.04272408731856194,
        "rec_at_8": 0.05146088814567075,
        "prec_at_8": 0.024456521739130436,
        "f1_at_8": 0.03315588167613504,
        "rec_at_15": 0.05654629187237883,
        "prec_at_15": 0.01594202898550725,
        "f1_at_15": 0.024871941117790293,
        "auc_macro": 0.5077778585381555,
        "auc_micro": 0.5074740005264425
      },
      "long": {
        "acc_macro": 0.005793515752951373,
        "prec_macro": 0.00802139037364082,
        "rec_macro": 0.005911000763475113,
        "f1_macro": 0.0068063614000055716,
        "acc_micro": 0.012944983818770227,
        "prec_micro": 0.4444444444444444,
        "rec_micro": 0.013157894736842105,
        "f1_micro": 0.025559105431309907,
        "rec_at_5": 0.048104492126231246,
        "prec_at_5": 0.04130434782608696,
        "f1_at_5": 0.04444582159524148,
        "rec_at_8": 0.0485392747349269,
        "prec_at_8": 0.02717391304347826,
        "f1_at_8": 0.03484206832502723,
        "rec_at_15": 0.061051352029612885,
        "prec_at_15": 0.016666666666666666,
        "f1_at_15": 0.026184983891659384,
        "auc_macro": 0.5055964990130022,
        "auc_micro": 0.5065056421842784
      }
    },
    "by_code_freq": {
      "common": {
        "acc_macro": 0.006554988757016469,
        "prec_macro": 0.015262923349745617,
        "rec_macro": 0.006556073901818188,
        "f1_macro": 0.009172268760567983,
        "acc_micro": 0.015574650912996778,
        "prec_micro": 0.5,
        "rec_micro": 0.015821058374249863,
        "f1_micro": 0.03067160232681121,
        "rec_at_5": 0.03204574314574315,
        "prec_at_5": 0.0464,
        "f1_at_5": 0.03790957730363906,
        "rec_at_8": 0.035087965367965365,
        "prec_at_8": 0.033,
        "f1_at_8": 0.034011968220382084,
        "rec_at_15": 0.03729685425685426,
        "prec_at_15": 0.0192,
        "f1_at_15": 0.025350069880916377,
        "auc_macro": 0.5054575196982894,
        "auc_micro": 0.5078322214973099
      },
      "medium": {
        "acc_macro": 0.010516934045413918,
        "prec_macro": 0.011363636362591911,
        "rec_macro": 0.01102941176371435,
        "f1_macro": 0.011194029849728839,
        "acc_micro": 0.03259259259259259,
        "prec_micro": 0.3548387096774194,
        "rec_micro": 0.03464566929133858,
        "f1_micro": 0.0631276901004304,
        "rec_at_5": 0.07031054131054132,
        "prec_at_5": 0.064,
        "f1_at_5": 0.06700702119084488,
        "rec_at_8": 0.07578062678062679,
        "prec_at_8": 0.043333333333333335,
        "f1_at_8": 0.05513757006067274,
        "rec_at_15": 0.0947110297110297,
        "prec_at_15": 0.02755555555555556,
        "f1_at_15": 0.04269056889477716,
        "auc_macro": 0.5147560197430999,
        "auc_micro": 0.517143566954189
      },
      "rare": {
        "acc_macro": 0.007375222815704025,
        "prec_macro": 0.00835561497244318,
        "rec_macro": 0.00740864527559557,
        "f1_macro": 0.007853687571288135,
        "acc_micro": 0.04814814814814815,
        "prec_micro": 0.2653061224489796,
        "rec_micro": 0.05555555555555555,
        "f1_micro": 0.09187279151943463,
        "rec_at_5": 0.0951111111111111,
        "prec_at_5": 0.055999999999999994,
        "f1_at_5": 0.07049411764705882,
        "rec_at_8": 0.0951111111111111,
        "prec_at_8": 0.035,
        "f1_at_8": 0.05116994022203245,
        "rec_at_15": 0.09844444444444445,
        "prec_at_15": 0.02,
        "f1_at_15": 0.03324577861163227,
        "auc_macro": 0.5254405208286481,
        "auc_micro": 0.5275363808944799
      }
    },
    "cross_tab": {
      "common_short": {
        "acc_macro": 0.008545008911917888,
        "prec_macro": 0.011898395720778075,
        "rec_macro": 0.008556149731882094,
        "f1_macro": 0.009954213413520019,
        "acc_micro": 0.06481481481481481,
        "prec_micro": 0.5,
        "rec_micro": 0.06930693069306931,
        "f1_micro": 0.1217391304347826,
        "rec_at_5": 0.08581494670204347,
        "prec_at_5": 0.12258064516129032,
        "f1_at_5": 0.10095464531818672,
        "rec_at_8": 0.09679164921100405,
        "prec_at_8": 0.08870967741935484,
        "f1_at_8": 0.09257460455261553,
        "rec_at_15": 0.09679164921100405,
        "prec_at_15": 0.047311827956989246,
        "f1_at_15": 0.06355696538544599,
        "auc_macro": 0.5293895348837209,
        "auc_micro": 0.5344255661430967
      },
      "common_medium": {
        "acc_macro": 0.0014695272046860621,
        "prec_macro": 0.0026737967911764707,
        "rec_macro": 0.0014695272046860621,
        "f1_macro": 0.0018966497084755062,
        "acc_micro": 0.0061068702290076335,
        "prec_micro": 0.8,
        "rec_micro": 0.0061162079510703364,
        "f1_micro": 0.012139605462822459,
        "rec_at_5": 0.019896640826873386,
        "prec_at_5": 0.023255813953488372,
        "f1_at_5": 0.021445481130761737,
        "rec_at_8": 0.019896640826873386,
        "prec_at_8": 0.014534883720930232,
        "f1_at_8": 0.016798289628692353,
        "rec_at_15": 0.022803617571059434,
        "prec_at_15": 0.009302325581395349,
        "f1_at_15": 0.013214168733330214,
        "auc_macro": 0.5025704529250629,
        "auc_micro": 0.5030502514768701
      },
      "common_long": {
        "acc_macro": 0.0010536032594093076,
        "prec_macro": 0.0026737967911764707,
        "rec_macro": 0.0010536032594093076,
        "f1_macro": 0.0015115742748025953,
        "acc_micro": 0.004530011325028313,
        "prec_micro": 0.36363636363636365,
        "rec_micro": 0.0045662100456621,
        "f1_micro": 0.009019165727170236,
        "rec_at_5": 0.009605862547039018,
        "prec_at_5": 0.0196078431372549,
        "f1_at_5": 0.0128946493851778,